[{"model": "sessions.session", "pk": "0sfxwlztvodihg9zsdxm3qwlwwn2fgso", "fields": {"session_data": ".eJxVjDsOwjAQBe_iGlnrOF5vKOk5g7XrDw6gRIqTCnF3iJQC2jcz76UCb2sNW8tLGJM6K6NOv5twfORpB-nO023WcZ7WZRS9K_qgTV_nlJ-Xw_07qNzqt3aFnDXJgxNXEIl6IbYR0DKC7YTAJAckRbqCJH4Y2HpE10OJxIDq_QG-tjbr:1uIpXm:L_Olc5JDrYf5JcTdQfBCUQrtSOzGZ7D4qmoy6xq3Jww", "expire_date": "2025-06-23T14:08:10.372Z"}}, {"model": "sessions.session", "pk": "3ysxe2ns3t126gzd40hy26nppln5rhgx", "fields": {"session_data": ".eJxVjDsOwjAQBe_iGlnrOF5vKOk5g7XrDw6gRIqTCnF3iJQC2jcz76UCb2sNW8tLGJM6K6NOv5twfORpB-nO023WcZ7WZRS9K_qgTV_nlJ-Xw_07qNzqt3aFnDXJgxNXEIl6IbYR0DKC7YTAJAckRbqCJH4Y2HpE10OJxIDq_QG-tjbr:1uIpjX:yeCNjaNcA45BDBKxfSswJKfsDvupXxVgusHppC7-w2Q", "expire_date": "2025-06-23T14:20:19.354Z"}}, {"model": "sessions.session", "pk": "4u8bcpld90tlg6xzy8ycbnch94d4lv7n", "fields": {"session_data": ".eJxVjEEOwiAQRe_C2hCgFIpL956BzAyDVA0kpV0Z765NutDtf-_9l4iwrSVunZc4J3EWWpx-NwR6cN1BukO9NUmtrsuMclfkQbu8tsTPy-H-HRTo5VsH1mgDsmYFJttExCFA4mxGD-RwUMYhuxFgyDaDVikweVAYJnRu8uL9ARteOSE:1vzqp9:M-pUFF3O6UgXmS1EThCk5SjZbzLfZDRHvtQqnfJRv3E", "expire_date": "2026-04-09T06:44:11.451Z"}}, {"model": "sessions.session", "pk": "4v8ikh9ea998l3g73mwjmvdwuf1uoqx6", "fields": {"session_data": ".eJxVjEEOwiAQRe_C2hCgWMCl-56BzDCMVA0kpV0Z765NutDtf-_9l4iwrSVuPS9xJnERVpx-N4T0yHUHdId6azK1ui4zyl2RB-1yapSf18P9OyjQy7dmiwY9GkDHQ2JLZ2-CNoocslHMOhGhVwrBZ8V2CJDtOGqHQwqQghPvDwqiOLs:1vvH0W:aD4nlgYyScOFZCTC682c6HCE2pJCWsCsBFEn1Nl7ynA", "expire_date": "2026-03-27T15:41:00.581Z"}}, {"model": "sessions.session", "pk": "6gf2ppxllzjbw8gpm0u1atctvf1cii67", "fields": {"session_data": ".eJxVjEEOwiAQRe_C2hBgoIBL956BzDBUqoYmpV0Z765NutDtf-_9l0i4rTVtvSxpYnEWWpx-N8L8KG0HfMd2m2We27pMJHdFHrTL68zleTncv4OKvX5rF8jYgtkbGgBVNJqDQx0tZ-uVDQRORwbvEWgggjGAx8hhBFJAroj3B9FcN54:1w6QZc:1v4NZN2TMlOLFEB6C4j67CdWYzxti5lRr8V5u7oiSjo", "expire_date": "2026-04-27T10:07:20.708Z"}}, {"model": "sessions.session", "pk": "6hwn5txqpngmbjejuy5dw20napr1es1m", "fields": {"session_data": ".eJxVjDsOwjAQBe_iGln-26Kk5wzW7jqLA8iW4qRC3B0ipYD2zcx7iQzbWvM2piXPRZyFFaffDYEeU9tBuUO7dUm9rcuMclfkQYe89jI9L4f7d1Bh1G8dIynLHr0Lhoms92gR2UAAF2NIrNlQVBDZgSMk59EVrTElsGxRifcH7oo4UQ:1vGqPr:Bv_EsUfrxCMEa_nLqXkTbK7_qylxuTQqCNnFTZD_30c", "expire_date": "2025-12-06T03:12:03.599Z"}}, {"model": "sessions.session", "pk": "7barn0lmjvxjeglql2flnycwwhk51l81", "fields": {"session_data": ".eJxVjDsOwjAQBe_iGlnrOF5vKOk5g7XrDw6gRIqTCnF3iJQC2jcz76UCb2sNW8tLGJM6K6NOv5twfORpB-nO023WcZ7WZRS9K_qgTV_nlJ-Xw_07qNzqt3aFnDXJgxNXEIl6IbYR0DKC7YTAJAckRbqCJH4Y2HpE10OJxIDq_QG-tjbr:1uIsD6:mXa7ZwEpDLHTc2P0OJNC_1dcyRwPaZhd0mSJqYaH56I", "expire_date": "2025-06-23T16:59:00.232Z"}}, {"model": "sessions.session", "pk": "9dtllkt62uisav87c8olynn8zpyo8w3i", "fields": {"session_data": ".eJxVjMsOwiAQRf-FtSHIc-rSfb-BDDBI1UBS2pXx35WkC93ec859MY_7VvzeafVLYhdm2Ol3CxgfVAdId6y3xmOr27oEPhR-0M7nluh5Pdy_g4K9fGsAS4oiAckkg3GASipHxlAQ2k3SRhTZppjPgAKUNNFqodWUh6EcsPcH5YU3iA:1vzqyT:3wntNl86Kup_pyyJMyVN5noKDy2vx07qnhVL5OSwLrw", "expire_date": "2026-04-09T06:53:49.977Z"}}, {"model": "sessions.session", "pk": "al44bnci462zpr45l33pcgfhls5lvc0k", "fields": {"session_data": ".eJxVjEEOwiAQRe_C2hCgFIpL956BzAyDVA0kpV0Z765NutDtf-_9l4iwrSVunZc4J3EWWpx-NwR6cN1BukO9NUmtrsuMclfkQbu8tsTPy-H-HRTo5VsH1mgDsmYFJttExCFA4mxGD-RwUMYhuxFgyDaDVikweVAYJnRu8uL9ARteOSE:1vxhrr:nlzGqGWRcawbYOX5nkOykRW7FxefP6A0x0jYBJ9UHiI", "expire_date": "2026-04-03T08:46:07.805Z"}}, {"model": "sessions.session", "pk": "b098qk9ty2ht9tknt00s4m27cvflt0gw", "fields": {"session_data": ".eJxVjEEOwiAQRe_C2hCgFIpL956BzAyDVA0kpV0Z765NutDtf-_9l4iwrSVunZc4J3EWWpx-NwR6cN1BukO9NUmtrsuMclfkQbu8tsTPy-H-HRTo5VsH1mgDsmYFJttExCFA4mxGD-RwUMYhuxFgyDaDVikweVAYJnRu8uL9ARteOSE:1vzqud:Yml0VhEQO_HWkGe0vB9TKlDuI40elBjIJnm0_CmQ0VA", "expire_date": "2026-04-09T06:49:51.244Z"}}, {"model": "sessions.session", "pk": "bjc23ozjha26n2hdv9fz5daoz0rkknq6", "fields": {"session_data": ".eJxVjDsOwjAQBe_iGlnrOF5vKOk5g7XrDw6gRIqTCnF3iJQC2jcz76UCb2sNW8tLGJM6K6NOv5twfORpB-nO023WcZ7WZRS9K_qgTV_nlJ-Xw_07qNzqt3aFnDXJgxNXEIl6IbYR0DKC7YTAJAckRbqCJH4Y2HpE10OJxIDq_QG-tjbr:1uIyUm:kW9N3K-5WuLbmlMm29JzG9I--lhq9mMXZ71YyLwxGWE", "expire_date": "2025-06-23T23:41:40.471Z"}}, {"model": "sessions.session", "pk": "bjkb0rz3ml4mx0wscyhu78l75xhmb2aw", "fields": {"session_data": ".eJxVjDsOwjAQBe_iGlnrOF5vKOk5g7XrDw6gRIqTCnF3iJQC2jcz76UCb2sNW8tLGJM6K6NOv5twfORpB-nO023WcZ7WZRS9K_qgTV_nlJ-Xw_07qNzqt3aFnDXJgxNXEIl6IbYR0DKC7YTAJAckRbqCJH4Y2HpE10OJxIDq_QG-tjbr:1uIyWA:oXQ6xbOxxjnqsTbUrVx4rAlSG-mSHiH-1FNm8_bBm5Y", "expire_date": "2025-06-23T23:43:06.010Z"}}, {"model": "sessions.session", "pk": "c4h2josvza0ak3k8vd6dbom1psh0n4eg", "fields": {"session_data": ".eJxVjEEOwiAQRe_C2hCgFIpL956BzAyDVA0kpV0Z765NutDtf-_9l4iwrSVunZc4J3EWWpx-NwR6cN1BukO9NUmtrsuMclfkQbu8tsTPy-H-HRTo5VsH1mgDsmYFJttExCFA4mxGD-RwUMYhuxFgyDaDVikweVAYJnRu8uL9ARteOSE:1vxMAw:tJPdbIhiswacUFBEV0rC4ex-o3ZZoQF056O2Y-peXMI", "expire_date": "2026-04-02T09:36:22.177Z"}}, {"model": "sessions.session", "pk": "dxj4lu6g3fnzhaohsx754o8t8yxvwcn6", "fields": {"session_data": ".eJxVjEEOwiAQRe_C2hAYKFCX7j0DmWEYWzVtUtqV8e7apAvd_vfef6mM2zrkrdUlj6zOyqrT70ZYHnXaAd9xus26zNO6jKR3RR-06evM9Xk53L-DAdvwrdGZvk-xJyawyI5DiSxQAlgQSWi64LlScJCSib6jKCIOvLeA3lKn3h_lNjee:1w3umB:h3PWJNQsUcgxt4M79xc59cZq4jHNkICpPR_5uVlQeWs", "expire_date": "2026-04-20T11:45:55.986Z"}}, {"model": "sessions.session", "pk": "eaxc4hjtdo5mqnzwljtpmzzmt72zip9y", "fields": {"session_data": ".eJxVjEEOwiAQRe_C2hBgoIBL956BzDBUqoYmpV0Z765NutDtf-_9l0i4rTVtvSxpYnEWWpx-N8L8KG0HfMd2m2We27pMJHdFHrTL68zleTncv4OKvX5rF8jYgtkbGgBVNJqDQx0tZ-uVDQRORwbvEWgggjGAx8hhBFJAroj3B9FcN54:1w8IhF:G4153qbO7KS2vvSMBKhutclwa437cjYkt3Uvsao1Cok", "expire_date": "2026-05-02T14:06:57.516Z"}}, {"model": "sessions.session", "pk": "eijyd08xz4eahwtcch00rfqieyp1952e", "fields": {"session_data": ".eJxVjEEOwiAQRe_C2hBgoIBL956BzDBUqoYmpV0Z765NutDtf-_9l0i4rTVtvSxpYnEWWpx-N8L8KG0HfMd2m2We27pMJHdFHrTL68zleTncv4OKvX5rF8jYgtkbGgBVNJqDQx0tZ-uVDQRORwbvEWgggjGAx8hhBFJAroj3B9FcN54:1w7PCr:obSipyJgBBIzmt2nebnGEKGSN7KZhDBfhKeTWh1SVJ0", "expire_date": "2026-04-30T02:51:53.431Z"}}, {"model": "sessions.session", "pk": "f1tcdevrszg39o8vr4c057y2di8xk0v3", "fields": {"session_data": ".eJxVjDsOwjAQBe_iGlnrOF5vKOk5g7XrDw6gRIqTCnF3iJQC2jcz76UCb2sNW8tLGJM6K6NOv5twfORpB-nO023WcZ7WZRS9K_qgTV_nlJ-Xw_07qNzqt3aFnDXJgxNXEIl6IbYR0DKC7YTAJAckRbqCJH4Y2HpE10OJxIDq_QG-tjbr:1uIs9i:9ZspK9FEAeyz0E6SUXFc2txQN3ykbxFTHoBIybQRxlM", "expire_date": "2025-06-23T16:55:30.664Z"}}, {"model": "sessions.session", "pk": "hqhxehc97316m6j479r2sji9pxhwhxhn", "fields": {"session_data": ".eJxVjDsOwjAQBe_iGlnrOF5vKOk5g7XrDw6gRIqTCnF3iJQC2jcz76UCb2sNW8tLGJM6K6NOv5twfORpB-nO023WcZ7WZRS9K_qgTV_nlJ-Xw_07qNzqt3aFnDXJgxNXEIl6IbYR0DKC7YTAJAckRbqCJH4Y2HpE10OJxIDq_QG-tjbr:1uJ0oO:AvPfIsMVOI3MBm3J6ZhIMMnFULCd-oqBrAwSdGcUgfI", "expire_date": "2025-06-24T02:10:04.214Z"}}, {"model": "sessions.session", "pk": "i19f9rn7249evcnfcpdwzajah1lo2ce6", "fields": {"session_data": ".eJxVjEEOwiAQRe_C2hBgoIBL956BzDBUqoYmpV0Z765NutDtf-_9l0i4rTVtvSxpYnEWWpx-N8L8KG0HfMd2m2We27pMJHdFHrTL68zleTncv4OKvX5rF8jYgtkbGgBVNJqDQx0tZ-uVDQRORwbvEWgggjGAx8hhBFJAroj3B9FcN54:1w6jbx:xjRf7WM_k2DD4s-xTxQ38paAAeSbmSjQCQTakw3s8WA", "expire_date": "2026-04-28T06:27:01.267Z"}}, {"model": "sessions.session", "pk": "i6njbnytqgfsfmfpyvldit48fu2ru5ex", "fields": {"session_data": ".eJxVjEEOwiAQRe_C2hBgoIBL956BzDBUqoYmpV0Z765NutDtf-_9l0i4rTVtvSxpYnEWWpx-N8L8KG0HfMd2m2We27pMJHdFHrTL68zleTncv4OKvX5rF8jYgtkbGgBVNJqDQx0tZ-uVDQRORwbvEWgggjGAx8hhBFJAroj3B9FcN54:1w8xKD:2IJmBVrZiUrXNc3QH81VxvutJ9_oyjUrH7PJrWCfR14", "expire_date": "2026-05-04T09:29:53.608Z"}}, {"model": "sessions.session", "pk": "jrtjkein71jjjm62lenhvs5hexzzz8fb", "fields": {"session_data": ".eJxVjEEOwiAQRe_C2hBgoIBL956BzDBUqoYmpV0Z765NutDtf-_9l0i4rTVtvSxpYnEWWpx-N8L8KG0HfMd2m2We27pMJHdFHrTL68zleTncv4OKvX5rF8jYgtkbGgBVNJqDQx0tZ-uVDQRORwbvEWgggjGAx8hhBFJAroj3B9FcN54:1w8wiE:aupiZ4Cb3EBtnizk5dkhYK_9y5wKWreCbXg5z18Xvto", "expire_date": "2026-05-04T08:50:38.987Z"}}, {"model": "sessions.session", "pk": "k1m2lciw74oj3j8jlxt6nmbrzy1akrm6", "fields": {"session_data": ".eJxVjDsOwjAQBe_iGlnrOF5vKOk5g7XrDw6gRIqTCnF3iJQC2jcz76UCb2sNW8tLGJM6K6NOv5twfORpB-nO023WcZ7WZRS9K_qgTV_nlJ-Xw_07qNzqt3aFnDXJgxNXEIl6IbYR0DKC7YTAJAckRbqCJH4Y2HpE10OJxIDq_QG-tjbr:1uIyUU:aNjU57tOpu5f-8yOh0BV81Z_WMRpHBml8a4Owf71nrA", "expire_date": "2025-06-23T23:41:22.299Z"}}, {"model": "sessions.session", "pk": "k75ajgdkfe7alev6u0ru6tzfhc7tqpga", "fields": {"session_data": ".eJxVjDsOwjAQBe_iGll4bZZASZ8zWN6PcQA5UpxUiLuTSCmgnZn33iamZS5xaTrFQczVgDn8Mkr81LoJeaR6Hy2PdZ4Gsltid9tsP4q-bnv7d1BSK-va8RFRM4N0jlDZIWuXFQmJUgAixeAdeshydieXlBEusILgvYAn8_kCAuo4Gw:1uIy7t:ix28T2m4rZ9yBGBnk_hOF7YFiQ6S7i00LeK2M2wIOQ4", "expire_date": "2025-06-23T23:18:01.721Z"}}, {"model": "sessions.session", "pk": "l21w3cqrw3nzpuahzpdmemzki09h34bp", "fields": {"session_data": ".eJxVjDsOwjAQBe_iGll44y8lfc5grXdtHECOFCcV4u4QKQW0b2beS0Tc1hq3npc4sbgIJU6_W0J65LYDvmO7zZLmti5TkrsiD9rlOHN-Xg_376Bir9_aeArn4HVwfshWJy6IDAxWo9agBkXZk0PSlJw3hiEZAKDgbCnOJifeH9fgN7c:1w5I6M:F4Bs13uPSGGqxOaUSDHmUV6dxt1bDNOOsIYzTPlOJ8E", "expire_date": "2026-04-24T06:52:26.559Z"}}, {"model": "sessions.session", "pk": "l2hi8kqf785b99irvhwdwu97q02x1xmt", "fields": {"session_data": ".eJxVjEEOwiAQRe_C2hCgFIpL956BzAyDVA0kpV0Z765NutDtf-_9l4iwrSVunZc4J3EWWpx-NwR6cN1BukO9NUmtrsuMclfkQbu8tsTPy-H-HRTo5VsH1mgDsmYFJttExCFA4mxGD-RwUMYhuxFgyDaDVikweVAYJnRu8uL9ARteOSE:1w0hcq:ksBzMHiWbiyieR5OTz53jf43zI2Mf-gFv92ddRSqQjo", "expire_date": "2026-04-11T15:07:00.914Z"}}, {"model": "sessions.session", "pk": "mgfazsd6009p2hs5r3prm8bwljjwoo9o", "fields": {"session_data": ".eJxVjDsOwjAQBe_iGlnrOF5vKOk5g7XrDw6gRIqTCnF3iJQC2jcz76UCb2sNW8tLGJM6K6NOv5twfORpB-nO023WcZ7WZRS9K_qgTV_nlJ-Xw_07qNzqt3aFnDXJgxNXEIl6IbYR0DKC7YTAJAckRbqCJH4Y2HpE10OJxIDq_QG-tjbr:1uIqED:TpfCAgjKGv6yF6v5QTyREdcRqPuPkL5QswsFcsx9wOE", "expire_date": "2025-06-23T14:52:01.649Z"}}, {"model": "sessions.session", "pk": "mp4kcjlgm1i21hskeu3s5rvq97nqxugr", "fields": {"session_data": ".eJxVjDsOwjAQBe_iGlnrOF5vKOk5g7XrDw6gRIqTCnF3iJQC2jcz76UCb2sNW8tLGJM6K6NOv5twfORpB-nO023WcZ7WZRS9K_qgTV_nlJ-Xw_07qNzqt3aFnDXJgxNXEIl6IbYR0DKC7YTAJAckRbqCJH4Y2HpE10OJxIDq_QG-tjbr:1uIqm8:EY6VUnFUr7dkJSNxwcTyB50gkjPpFYhakVHPQq1td1c", "expire_date": "2025-06-23T15:27:04.180Z"}}, {"model": "sessions.session", "pk": "ne8rncvgheej437jpgwloh73nmnikgx9", "fields": {"session_data": ".eJxVjEEOwiAQRe_C2hBgoIBL956BzDBUqoYmpV0Z765NutDtf-_9l0i4rTVtvSxpYnEWWpx-N8L8KG0HfMd2m2We27pMJHdFHrTL68zleTncv4OKvX5rF8jYgtkbGgBVNJqDQx0tZ-uVDQRORwbvEWgggjGAx8hhBFJAroj3B9FcN54:1w6fz7:BKUDCJDXrRq0JVPq9QFnQ3RFgIhoT9fXEsP-cy0xO3g", "expire_date": "2026-04-28T02:34:41.643Z"}}, {"model": "sessions.session", "pk": "nlag8jao54h8hk91d9rfwwflhaj93h1v", "fields": {"session_data": ".eJxVjEEOwiAQRe_C2hCgWMCl-56BzDCMVA0kpV0Z765NutDtf-_9l4iwrSVuPS9xJnERVpx-N4T0yHUHdId6azK1ui4zyl2RB-1yapSf18P9OyjQy7dmiwY9GkDHQ2JLZ2-CNoocslHMOhGhVwrBZ8V2CJDtOGqHQwqQghPvDwqiOLs:1vwHr5:BCpOLLoEmXwY3j15KE_MrfNxjVSX6slJN3vZn9rMWQA", "expire_date": "2026-03-30T10:47:27.827Z"}}, {"model": "sessions.session", "pk": "o8vlbkehp4i4j8m1w9v9vw121traoq4c", "fields": {"session_data": ".eJxVjEEOwiAQRe_C2hCgFIpL956BzAyDVA0kpV0Z765NutDtf-_9l4iwrSVunZc4J3EWWpx-NwR6cN1BukO9NUmtrsuMclfkQbu8tsTPy-H-HRTo5VsH1mgDsmYFJttExCFA4mxGD-RwUMYhuxFgyDaDVikweVAYJnRu8uL9ARteOSE:1w0ah2:EB_sQDmAtppJCBm9PNvhmjD1nxqH1ECXRQZ7Yt1J-Do", "expire_date": "2026-04-11T07:42:52.502Z"}}, {"model": "sessions.session", "pk": "odnihnlhh5qeu6g39afxzx67aszr9pfq", "fields": {"session_data": ".eJxVjEEOwiAQRe_C2hCgFIpL956BzAyDVA0kpV0Z765NutDtf-_9l4iwrSVunZc4J3EWWpx-NwR6cN1BukO9NUmtrsuMclfkQbu8tsTPy-H-HRTo5VsH1mgDsmYFJttExCFA4mxGD-RwUMYhuxFgyDaDVikweVAYJnRu8uL9ARteOSE:1vxGEz:9ecS9rYoG59qQOjfEaMmKgp8VB9lBJ_SBed91c1YpD0", "expire_date": "2026-04-02T03:16:09.721Z"}}, {"model": "sessions.session", "pk": "r58zr3tv9bp9eduk51z0yzckjmuuju39", "fields": {"session_data": ".eJxVjDsOwjAQBe_iGll44y8lfc5grXdtHECOFCcV4u4QKQW0b2beS0Tc1hq3npc4sbgIJU6_W0J65LYDvmO7zZLmti5TkrsiD9rlOHN-Xg_376Bir9_aeArn4HVwfshWJy6IDAxWo9agBkXZk0PSlJw3hiEZAKDgbCnOJifeH9fgN7c:1w5IHF:S4ZY_tBZdviN_g6-PlXdRsCexntUTP2fYJRd9gYz5PI", "expire_date": "2026-04-24T07:03:41.986Z"}}, {"model": "sessions.session", "pk": "t3m0cmhjxiqn18vchhpi4irr1c8zcoa9", "fields": {"session_data": ".eJxVjEEOwiAQRe_C2hCgFIpL956BzAyDVA0kpV0Z765NutDtf-_9l4iwrSVunZc4J3EWWpx-NwR6cN1BukO9NUmtrsuMclfkQbu8tsTPy-H-HRTo5VsH1mgDsmYFJttExCFA4mxGD-RwUMYhuxFgyDaDVikweVAYJnRu8uL9ARteOSE:1vzplB:ABoFODX8D9sVzkRc1KzSvgIrNV0B---ClXN-pv5PCv0", "expire_date": "2026-04-09T05:36:01.936Z"}}, {"model": "sessions.session", "pk": "tmyau1x9ha47sttk4b8sdzwajyqj0ld7", "fields": {"session_data": ".eJxVjDsOwjAQBe_iGlnrOF5vKOk5g7XrDw6gRIqTCnF3iJQC2jcz76UCb2sNW8tLGJM6K6NOv5twfORpB-nO023WcZ7WZRS9K_qgTV_nlJ-Xw_07qNzqt3aFnDXJgxNXEIl6IbYR0DKC7YTAJAckRbqCJH4Y2HpE10OJxIDq_QG-tjbr:1uIsG2:ohuW1ntLiLY5ngnKAuug867CKQRlij48OT3vkTunTGI", "expire_date": "2025-06-23T17:02:02.363Z"}}, {"model": "sessions.session", "pk": "v1xcil92zt8yzs32pdpmv7rcqv3nix6h", "fields": {"session_data": ".eJxVjDsOwjAQBe_iGlnrOF5vKOk5g7XrDw6gRIqTCnF3iJQC2jcz76UCb2sNW8tLGJM6K6NOv5twfORpB-nO023WcZ7WZRS9K_qgTV_nlJ-Xw_07qNzqt3aFnDXJgxNXEIl6IbYR0DKC7YTAJAckRbqCJH4Y2HpE10OJxIDq_QG-tjbr:1uIsC3:f7VwQWhGhT5TBTM4vjcp14t2usM8YoYWc2mclGT01DQ", "expire_date": "2025-06-23T16:57:55.548Z"}}, {"model": "sessions.session", "pk": "wdpuflr958swuoo5742wzt41t9dewvb5", "fields": {"session_data": ".eJxVjDsOwjAQBe_iGlnrOF5vKOk5g7XrDw6gRIqTCnF3iJQC2jcz76UCb2sNW8tLGJM6K6NOv5twfORpB-nO023WcZ7WZRS9K_qgTV_nlJ-Xw_07qNzqt3aFnDXJgxNXEIl6IbYR0DKC7YTAJAckRbqCJH4Y2HpE10OJxIDq_QG-tjbr:1uIyV2:SD5z8WbF_p-SHYWMbUaYEs71lP_s7TSelS5hFjXXmt0", "expire_date": "2025-06-23T23:41:56.999Z"}}, {"model": "sessions.session", "pk": "wkhcgfyspgewtb5brd3nugj3znjjq6zx", "fields": {"session_data": ".eJxVjDsOwjAQBe_iGlnrOF5vKOk5g7XrDw6gRIqTCnF3iJQC2jcz76UCb2sNW8tLGJM6K6NOv5twfORpB-nO023WcZ7WZRS9K_qgTV_nlJ-Xw_07qNzqt3aFnDXJgxNXEIl6IbYR0DKC7YTAJAckRbqCJH4Y2HpE10OJxIDq_QG-tjbr:1uJ0gY:80wK_bG5pCK6lHi_toHChu79Ry3PdnoCgO8VgUy6CxE", "expire_date": "2025-06-24T02:01:58.285Z"}}, {"model": "sessions.session", "pk": "xrlyegddogwr1owgpii5f5404kmxlvhz", "fields": {"session_data": "e30:1w6Qgg:sDKw9aHuIcEly82rzILbIdbnOWIoQnvvL4vrVFFEAg0", "expire_date": "2026-04-27T10:14:38.342Z"}}, {"model": "sessions.session", "pk": "y2r452z4ibaalo7isyrwnbznw4qunt5d", "fields": {"session_data": ".eJxVjDsOwjAQBe_iGlnrOF5vKOk5g7XrDw6gRIqTCnF3iJQC2jcz76UCb2sNW8tLGJM6K6NOv5twfORpB-nO023WcZ7WZRS9K_qgTV_nlJ-Xw_07qNzqt3aFnDXJgxNXEIl6IbYR0DKC7YTAJAckRbqCJH4Y2HpE10OJxIDq_QG-tjbr:1uIyVV:z9dzc9l15E31DUYnT39S5yE19c4B5sTCZAPBpAX1uc4", "expire_date": "2025-06-23T23:42:25.580Z"}}, {"model": "sessions.session", "pk": "y54z3lca0x5cpq79ywqaq9fefloh8bmp", "fields": {"session_data": ".eJxVjEEOwiAQRe_C2hCgWMCl-56BzDCMVA0kpV0Z765NutDtf-_9l4iwrSVuPS9xJnERVpx-N4T0yHUHdId6azK1ui4zyl2RB-1yapSf18P9OyjQy7dmiwY9GkDHQ2JLZ2-CNoocslHMOhGhVwrBZ8V2CJDtOGqHQwqQghPvDwqiOLs:1vvGZX:--wNazezs0p_RR6ZfRxvXgbfF7XXBv9Z1qZc4Q67kqA", "expire_date": "2026-03-27T15:13:07.040Z"}}, {"model": "sessions.session", "pk": "yj3fmf761h2adqmi6jsrfa6l5rzv04k5", "fields": {"session_data": ".eJxVjEEOwiAQRe_C2hBgoIBL956BzDBUqoYmpV0Z765NutDtf-_9l0i4rTVtvSxpYnEWWpx-N8L8KG0HfMd2m2We27pMJHdFHrTL68zleTncv4OKvX5rF8jYgtkbGgBVNJqDQx0tZ-uVDQRORwbvEWgggjGAx8hhBFJAroj3B9FcN54:1w6Qhd:_RcH8MKp4NxdZ72qp_j5EB48hEa23u1VIQ7KlNIrevg", "expire_date": "2026-04-27T10:15:37.429Z"}}, {"model": "sessions.session", "pk": "zhvko2jj969bzpo5v85gkgbmaapjldmj", "fields": {"session_data": ".eJxVjEEOwiAQRe_C2hCgFIpL956BzAyDVA0kpV0Z765NutDtf-_9l4iwrSVunZc4J3EWWpx-NwR6cN1BukO9NUmtrsuMclfkQbu8tsTPy-H-HRTo5VsH1mgDsmYFJttExCFA4mxGD-RwUMYhuxFgyDaDVikweVAYJnRu8uL9ARteOSE:1vzr15:K6GmVJX6ds8kJdmxhJh1LpoqwRmnCLFyr6PM0y9mSmY", "expire_date": "2026-04-09T06:56:31.136Z"}}, {"model": "myapp.webuser", "pk": 1, "fields": {"email": "webadmin@gmail.com", "password": "pbkdf2_sha256$870000$7AOTM8hCxh7k4m20scKr6O$qY1YLJVzG0iHpFg3InQmHQnkto3Hc4TEkVjKJOOIJ5Y=", "is_active": true, "is_admin": true, "created_at": "2025-05-24T22:53:38.959Z"}}, {"model": "myapp.webuser", "pk": 2, "fields": {"email": "sijanchhetri102@gmail.com", "password": "pbkdf2_sha256$870000$F6gd9T3d0kiMnotyzDuuT9$5n93O9gvWTiehO+ON+IV6vKSwdX0FiQc7cIKNgxRdKc=", "is_active": true, "is_admin": true, "created_at": "2025-05-24T23:11:05.160Z"}}, {"model": "myapp.user", "fields": {"password": "pbkdf2_sha256$1200000$Syq4wIjQqes5mvx3ebrq4h$s2Mqk8mqDeYhtCTooW+MkU0cX9d6er5X6p244bQXpH4=", "last_login": "2026-04-04T09:29:53.604Z", "is_superuser": false, "first_name": "", "last_name": "", "is_staff": false, "is_active": true, "date_joined": "2025-05-24T14:07:54.977Z", "hotel_name": "The raj", "address": "Pokhara", "city": "Birauta", "state": "Gharipatan", "country": null, "zipcode": "220459", "phone_number": 9800000000, "email": "sijanofficial1@gmail.com", "description": null, "groups": [], "user_permissions": []}}, {"model": "myapp.user", "fields": {"password": "pbkdf2_sha256$870000$wtZwnBKHDQWu44XIeVmj8E$TE34CS87opjCf0kERqMqM+Yi75AakaG3mQRk/lckbrg=", "last_login": "2025-05-24T23:18:01.719Z", "is_superuser": false, "first_name": "", "last_name": "", "is_staff": false, "is_active": false, "date_joined": "2025-05-24T23:17:54.196Z", "hotel_name": "The khana raj", "address": "pokhara", "city": "Birauta", "state": "Gandaki", "country": null, "zipcode": "220851", "phone_number": 9800765438, "email": "sijanchhetri102@gmail.com", "description": null, "groups": [], "user_permissions": []}}, {"model": "myapp.user", "fields": {"password": "pbkdf2_sha256$870000$N528kRvfaybTUXCDTM8Oem$xE48DFIIN6Gjeessil1iSoiZFNO1bbxrlWsdqhyAwqg=", "last_login": "2025-11-06T03:12:03.597Z", "is_superuser": false, "first_name": "", "last_name": "", "is_staff": false, "is_active": true, "date_joined": "2025-11-06T03:11:53.607Z", "hotel_name": "new", "address": "Pokhara", "city": "pokhara", "state": "asd", "country": null, "zipcode": "33700", "phone_number": 9741710013, "email": "sijandragneel111@gmail.com", "description": null, "groups": [], "user_permissions": []}}, {"model": "myapp.user", "fields": {"password": "pbkdf2_sha256$1200000$UxtyGqKckgQ5sZhUSTMq9n$Fs/c7NfnNt1vTlzePzNs1BVL4j9aP0KdkEW9oZ/BB+s=", "last_login": "2026-02-28T10:47:27.823Z", "is_superuser": false, "first_name": "", "last_name": "", "is_staff": false, "is_active": true, "date_joined": "2026-02-25T15:12:55.803Z", "hotel_name": "test", "address": "test", "city": "test", "state": "asd", "country": null, "zipcode": "1231", "phone_number": 9999999999, "email": "test@gmail.com", "description": null, "groups": [], "user_permissions": []}}, {"model": "myapp.user", "fields": {"password": "pbkdf2_sha256$870000$hgpR1duwi2zx27UWeYbgMu$LaktHe8ZmfOFAOARo3V+jNlMFM7VbP8RmmllnNhHjpU=", "last_login": "2026-03-10T06:53:49.975Z", "is_superuser": false, "first_name": "", "last_name": "", "is_staff": false, "is_active": true, "date_joined": "2026-03-10T06:53:40.256Z", "hotel_name": "sijanchhetri.xdezo@gmail.com", "address": "sad", "city": "asd", "state": "sdc", "country": null, "zipcode": "2134", "phone_number": 1111111111, "email": "sijanchhetri.xdezo@gmail.com", "description": null, "groups": [], "user_permissions": []}}, {"model": "myapp.subuser", "pk": 1, "fields": {"user": ["sijanofficial1@gmail.com"], "email": "receptionist@gmail.com", "role": "receptionist", "role_description": "work for recptionist", "is_active": true, "password": "pbkdf2_sha256$870000$S5DJv2svCUkbPQaCBimD62$S9AInCpF5uZOjWjSbrL4tl7zOTJRdBxmSBWtSPCX5cQ="}}, {"model": "myapp.subuser", "pk": 2, "fields": {"user": ["sijanofficial1@gmail.com"], "email": "inventory@gmail.com", "role": "inventoryManager", "role_description": "manage inventory", "is_active": true, "password": "pbkdf2_sha256$870000$U6eOst1Yo8W8vppjmhEpM0$5M4/0cYbLcd39aQ5Xasse28intN/l6Qq3K2IKBn+9+M="}}, {"model": "myapp.subuser", "pk": 3, "fields": {"user": ["sijanofficial1@gmail.com"], "email": "kichen@gmail.com", "role": "kitchenManager", "role_description": "Manages kitchen", "is_active": true, "password": "pbkdf2_sha256$870000$ZF2syHzBTdufQyCWb9DGlj$llNOX+kiLicWn3BxklnQNja8zV+Zck87WwQCf/xDIIE="}}, {"model": "myapp.subuser", "pk": 4, "fields": {"user": ["sijanofficial1@gmail.com"], "email": "staff@gmail.com", "role": "staffManager", "role_description": "manages staff", "is_active": true, "password": "pbkdf2_sha256$870000$17qoggMxH9jpA0CMuMWUaz$pbhE7108b7dyqc+0a4W1FPu5sRCtCzjaXyut4elMpBw="}}, {"model": "myapp.room", "pk": 2, "fields": {"hotel": ["sijanofficial1@gmail.com"], "room_id": "103", "room_desc": "his room is clean and comfortable with basic furniture. It has enough space for a bed and some storage. The room receives natural light and has ventilation for fresh air. It is suitable for resting and everyday use.", "room_type": "double", "floor": 2, "rate": "1200.00", "max_guest": 2, "free_child": 3, "room_pictures": "room_images/9e8165ea11db2395d1876f47d882102f-2_phkp2fk.jpg", "bed_type": "double", "room_size": 23, "amenities": "\"[\\\"room-service\\\",\\\"parking\\\"]\""}}, {"model": "myapp.room", "pk": 3, "fields": {"hotel": ["sijanofficial1@gmail.com"], "room_id": "104", "room_desc": "his room is clean and comfortable with basic furniture. It has enough space for a bed and some storage. The room receives natural light and has ventilation for fresh air. It is suitable for resting and everyday use.", "room_type": "single", "floor": 2, "rate": "1200.00", "max_guest": 2, "free_child": 4, "room_pictures": "room_images/Single-bed-room-YWCA_Hotel_Vancouver_4TTX3hr.jpg", "bed_type": "single", "room_size": 23, "amenities": ["mini-fridge"]}}, {"model": "myapp.room", "pk": 5, "fields": {"hotel": ["sijanofficial1@gmail.com"], "room_id": "107", "room_desc": "his room is clean and comfortable with basic furniture. It has enough space for a bed and some storage. The room receives natural light and has ventilation for fresh air. It is suitable for resting and everyday use.", "room_type": "single", "floor": 2, "rate": "1200.00", "max_guest": 1, "free_child": 3, "room_pictures": "room_images/Single-bed-room-YWCA_Hotel_Vancouver_sGJn0Jo.jpg", "bed_type": "double", "room_size": 20, "amenities": ["room-service", "parking"]}}, {"model": "myapp.room", "pk": 6, "fields": {"hotel": ["sijanofficial1@gmail.com"], "room_id": "108", "room_desc": "his room is clean and comfortable with basic furniture. It has enough space for a bed and some storage. The room receives natural light and has ventilation for fresh air. It is suitable for resting and everyday use.", "room_type": "double", "floor": 2, "rate": "2400.00", "max_guest": 2, "free_child": 4, "room_pictures": "room_images/9e8165ea11db2395d1876f47d882102f_vcr1Y9a.jpg", "bed_type": "double", "room_size": 20, "amenities": ["room-service", "gym"]}}, {"model": "myapp.room", "pk": 7, "fields": {"hotel": ["sijanofficial1@gmail.com"], "room_id": "109", "room_desc": "his room is clean and comfortable with basic furniture. It has enough space for a bed and some storage. The room receives natural light and has ventilation for fresh air. It is suitable for resting and everyday use.", "room_type": "suite", "floor": 3, "rate": "8400.00", "max_guest": 4, "free_child": 3, "room_pictures": "room_images/HÓSPEDES_o66CVml.jpg", "bed_type": "queen", "room_size": 30, "amenities": ["parking", "gym"]}}, {"model": "myapp.room", "pk": 8, "fields": {"hotel": ["sijanofficial1@gmail.com"], "room_id": "110", "room_desc": "his room is clean and comfortable with basic furniture. It has enough space for a bed and some storage. The room receives natural light and has ventilation for fresh air. It is suitable for resting and everyday use.", "room_type": "family", "floor": 2, "rate": "4000.00", "max_guest": 4, "free_child": 3, "room_pictures": "room_images/hotel_suite_LQSBUq4.jpg", "bed_type": "queen", "room_size": 30, "amenities": ["room-service", "parking"]}}, {"model": "myapp.room", "pk": 9, "fields": {"hotel": ["sijanofficial1@gmail.com"], "room_id": "111", "room_desc": "his room is clean and comfortable with basic furniture. It has enough space for a bed and some storage. The room receives natural light and has ventilation for fresh air. It is suitable for resting and everyday use.", "room_type": "suite", "floor": 2, "rate": "4000.00", "max_guest": 2, "free_child": 3, "room_pictures": "room_images/HÓSPEDES_hDN7Glp.jpg", "bed_type": "king", "room_size": 35, "amenities": ["ac", "balcony"]}}, {"model": "myapp.room", "pk": 10, "fields": {"hotel": ["sijanofficial1@gmail.com"], "room_id": "112", "room_desc": "his room is clean and comfortable with basic furniture. It has enough space for a bed and some storage. The room receives natural light and has ventilation for fresh air. It is suitable for resting and everyday use.", "room_type": "double", "floor": 2, "rate": "2600.00", "max_guest": 2, "free_child": 3, "room_pictures": "room_images/Double_Bedroom_-_Aya_Saied_GPLEEpN.jpg", "bed_type": "double", "room_size": 25, "amenities": ["ac", "room-service", "gym"]}}, {"model": "myapp.room", "pk": 11, "fields": {"hotel": ["sijanofficial1@gmail.com"], "room_id": "113", "room_desc": "his room is clean and comfortable with basic furniture. It has enough space for a bed and some storage. The room receives natural light and has ventilation for fresh air. It is suitable for resting and everyday use.", "room_type": "single", "floor": 2, "rate": "1200.00", "max_guest": 1, "free_child": 3, "room_pictures": "room_images/Single-bed-room-YWCA_Hotel_Vancouver_iXWD9n3.jpg", "bed_type": "single", "room_size": 20, "amenities": ["pool", "parking"]}}, {"model": "myapp.room", "pk": 12, "fields": {"hotel": ["sijanofficial1@gmail.com"], "room_id": "114", "room_desc": "his room is clean and comfortable with basic furniture. It has enough space for a bed and some storage. The room receives natural light and has ventilation for fresh air. It is suitable for resting and everyday use.", "room_type": "single", "floor": 2, "rate": "2200.00", "max_guest": 2, "free_child": 3, "room_pictures": "room_images/9e8165ea11db2395d1876f47d882102f-2_OgR58uU.jpg", "bed_type": "single", "room_size": 20, "amenities": ["parking", "gym"]}}, {"model": "myapp.room", "pk": 13, "fields": {"hotel": ["sijanofficial1@gmail.com"], "room_id": "115", "room_desc": "his room is clean and comfortable with basic furniture. It has enough space for a bed and some storage. The room receives natural light and has ventilation for fresh air. It is suitable for resting and everyday use.", "room_type": "double", "floor": 3, "rate": "2400.00", "max_guest": 2, "free_child": 3, "room_pictures": "room_images/Double_Bedroom_-_Aya_Saied_CkYvssZ.jpg", "bed_type": "double", "room_size": 21, "amenities": ["room-service", "parking"]}}, {"model": "myapp.room", "pk": 14, "fields": {"hotel": ["sijanofficial1@gmail.com"], "room_id": "116", "room_desc": "his room is clean and comfortable with basic furniture. It has enough space for a bed and some storage. The room receives natural light and has ventilation for fresh air. It is suitable for resting and everyday use.", "room_type": "family", "floor": 2, "rate": "2400.00", "max_guest": 2, "free_child": 3, "room_pictures": "room_images/HÓSPEDES_RdO15EU.jpg", "bed_type": "queen", "room_size": 1200, "amenities": ["room-service", "parking"]}}, {"model": "myapp.room", "pk": 15, "fields": {"hotel": ["sijanofficial1@gmail.com"], "room_id": "117", "room_desc": "his room is clean and comfortable with basic furniture. It has enough space for a bed and some storage. The room receives natural light and has ventilation for fresh air. It is suitable for resting and everyday use.", "room_type": "double", "floor": 2, "rate": "2400.00", "max_guest": 2, "free_child": 2, "room_pictures": "room_images/Double_Bedroom_-_Aya_Saied_epYNgHB.jpg", "bed_type": "double", "room_size": 20, "amenities": ["room-service", "parking"]}}, {"model": "myapp.room", "pk": 16, "fields": {"hotel": ["sijanofficial1@gmail.com"], "room_id": "119", "room_desc": "his room is clean and comfortable with basic furniture. It has enough space for a bed and some storage. The room receives natural light and has ventilation for fresh air. It is suitable for resting and everyday use.", "room_type": "suite", "floor": 2, "rate": "3400.00", "max_guest": 2, "free_child": 3, "room_pictures": "room_images/hotel_suite_eOn0mLe.jpg", "bed_type": "king", "room_size": 35, "amenities": ["room-service", "parking"]}}, {"model": "myapp.room", "pk": 17, "fields": {"hotel": ["sijanofficial1@gmail.com"], "room_id": "118", "room_desc": "his room is clean and comfortable with basic furniture. It has enough space for a bed and some storage. The room receives natural light and has ventilation for fresh air. It is suitable for resting and everyday use.", "room_type": "suite", "floor": 2, "rate": "4400.00", "max_guest": 4, "free_child": 3, "room_pictures": "room_images/HÓSPEDES_wNlL0cU.jpg", "bed_type": "queen", "room_size": 30, "amenities": ["room-service", "parking"]}}, {"model": "myapp.room", "pk": 18, "fields": {"hotel": ["sijanofficial1@gmail.com"], "room_id": "120", "room_desc": "his room is clean and comfortable with basic furniture. It has enough space for a bed and some storage. The room receives natural light and has ventilation for fresh air. It is suitable for resting and everyday use.", "room_type": "double", "floor": 2, "rate": "2400.00", "max_guest": 2, "free_child": 4, "room_pictures": "room_images/9e8165ea11db2395d1876f47d882102f_Coe1DfR.jpg", "bed_type": "double", "room_size": 20, "amenities": ["room-service", "parking"]}}, {"model": "myapp.room", "pk": 19, "fields": {"hotel": ["sijanofficial1@gmail.com"], "room_id": "121", "room_desc": "his room is clean and comfortable with basic furniture. It has enough space for a bed and some storage. The room receives natural light and has ventilation for fresh air. It is suitable for resting and everyday use.", "room_type": "single", "floor": 2, "rate": "1200.00", "max_guest": 2, "free_child": 3, "room_pictures": "room_images/Single-bed-room-YWCA_Hotel_Vancouver_El0aoAt.jpg", "bed_type": "single", "room_size": 20, "amenities": ["room-service", "parking"]}}, {"model": "myapp.room", "pk": 20, "fields": {"hotel": ["sijanofficial1@gmail.com"], "room_id": "122", "room_desc": "his room is clean and comfortable with basic furniture. It has enough space for a bed and some storage. The room receives natural light and has ventilation for fresh air. It is suitable for resting and everyday use.", "room_type": "double", "floor": 2, "rate": "2400.00", "max_guest": 2, "free_child": 3, "room_pictures": "room_images/Double_Bedroom_-_Aya_Saied_3JGbtsk.jpg", "bed_type": "double", "room_size": 20, "amenities": ["room-service", "parking"]}}, {"model": "myapp.room", "pk": 21, "fields": {"hotel": ["sijanofficial1@gmail.com"], "room_id": "123", "room_desc": "This room is clean and comfortable with basic furniture. It has enough space for a bed and some storage. The room receives natural light and has ventilation for fresh air. It is suitable for resting and everyday use.", "room_type": "single", "floor": 2, "rate": "1200.00", "max_guest": 1, "free_child": 3, "room_pictures": "room_images/Single-bed-room-YWCA_Hotel_Vancouver_V51TCfX.jpg", "bed_type": "single", "room_size": 20, "amenities": ["room-service", "parking"]}}, {"model": "myapp.employee", "pk": 1, "fields": {"user": ["sijanofficial1@gmail.com"], "employee_name": "sarthak", "phone_number": "9846123512", "email": "sarthak@gmail.com", "department": "Kitchen", "position": "Manager", "salary": 600000, "joined_at": "2000-05-09"}}, {"model": "myapp.employee", "pk": 2, "fields": {"user": ["sijanofficial1@gmail.com"], "employee_name": "aashish", "phone_number": "9846123531", "email": "aashish@gmail.com", "department": "Inventory", "position": "Manager", "salary": 50000, "joined_at": "2000-05-24"}}, {"model": "myapp.employee", "pk": 3, "fields": {"user": ["sijanofficial1@gmail.com"], "employee_name": "bishal", "phone_number": "9846123513", "email": "bishal@gmail.com", "department": "Housekeeping", "position": "Manager", "salary": 50000, "joined_at": "2000-05-10"}}, {"model": "myapp.employee", "pk": 4, "fields": {"user": ["sijanofficial1@gmail.com"], "employee_name": "umesh", "phone_number": "9846123516", "email": "umesh@gmail.com", "department": "housekeeping", "position": "staff", "salary": 30000, "joined_at": "2000-05-17"}}, {"model": "myapp.employee", "pk": 5, "fields": {"user": ["sijanofficial1@gmail.com"], "employee_name": "bibek", "phone_number": "9846123519", "email": "bibek@gmail.com", "department": "kitchen", "position": "staff", "salary": 20000, "joined_at": "2000-05-10"}}, {"model": "myapp.employee", "pk": 6, "fields": {"user": ["sijanofficial1@gmail.com"], "employee_name": "aisha", "phone_number": "9846123516", "email": "aisha@gmail.com", "department": "Kitchen", "position": "Cook", "salary": 40000, "joined_at": "2004-05-17"}}, {"model": "myapp.guest", "pk": 1, "fields": {"name": "sijanchhetri", "email": "sijanchhetri@gmail.com", "phone": "9800000000", "gender": "Male", "dob": "2025-05-14", "nationality": "Nepali", "doc_type": "passport", "doc_number": "902794246"}}, {"model": "myapp.guest", "pk": 2, "fields": {"name": "akash", "email": "akash@gmail.com", "phone": "9800000000", "gender": "Male", "dob": "2025-05-15", "nationality": "Nepali", "doc_type": "nid", "doc_number": "21344"}}, {"model": "myapp.guest", "pk": 3, "fields": {"name": "krishna", "email": "krishna@gmail.com", "phone": "9800000000", "gender": "Male", "dob": "2025-05-21", "nationality": "Nepali", "doc_type": "nid", "doc_number": "802234"}}, {"model": "myapp.guest", "pk": 4, "fields": {"name": "sarthak", "email": "sarthak@gmail.com", "phone": "9846123512", "gender": "Male", "dob": "2000-01-07", "nationality": "Nepali", "doc_type": "passport", "doc_number": "2345433476"}}, {"model": "myapp.guest", "pk": 5, "fields": {"name": "Aashish", "email": "aashish@gmail.com", "phone": "9846123513", "gender": "Male", "dob": "2000-02-01", "nationality": "Nepali", "doc_type": "license", "doc_number": "2134565443"}}, {"model": "myapp.guest", "pk": 6, "fields": {"name": "bishal", "email": "bishal@gmail.com", "phone": "9846123511", "gender": "Male", "dob": "2000-01-02", "nationality": "Nepali", "doc_type": "passport", "doc_number": "23435465465"}}, {"model": "myapp.guest", "pk": 7, "fields": {"name": "umesh", "email": "umeshi@gmail.com", "phone": "9846123511", "gender": "Male", "dob": "2025-05-14", "nationality": "nepali", "doc_type": "nid", "doc_number": "2134353"}}, {"model": "myapp.guest", "pk": 8, "fields": {"name": "gaurab", "email": "gaurab@gmail.com", "phone": "9846123511", "gender": "Male", "dob": "2000-01-01", "nationality": "Nepali", "doc_type": "nid", "doc_number": "234354652354"}}, {"model": "myapp.guest", "pk": 9, "fields": {"name": "bibek", "email": "bibek@gmail.com", "phone": "9846123517", "gender": "Male", "dob": "2000-03-01", "nationality": "Nepali", "doc_type": "passport", "doc_number": "2134532565"}}, {"model": "myapp.guest", "pk": 10, "fields": {"name": "aisha", "email": "aisha@gmail.com", "phone": "9846123519", "gender": "Female", "dob": "2001-03-01", "nationality": "Nepali", "doc_type": "passport", "doc_number": "2134323765"}}, {"model": "myapp.guest", "pk": 11, "fields": {"name": "aakriti", "email": "aakritu@gmail.com", "phone": "9846123515", "gender": "Female", "dob": "2000-03-01", "nationality": "Nepali", "doc_type": "nid", "doc_number": "213452543653"}}, {"model": "myapp.guest", "pk": 12, "fields": {"name": "prapti", "email": "parpti@gmail.com", "phone": "9846123211", "gender": "Female", "dob": "2000-01-03", "nationality": "Nepali", "doc_type": "nid", "doc_number": "56237824324"}}, {"model": "myapp.guest", "pk": 13, "fields": {"name": "sijachhetri", "email": "sija@gmail.com", "phone": "9846123311", "gender": "Female", "dob": "2000-03-01", "nationality": "Nepali", "doc_type": "passport", "doc_number": "23456332456"}}, {"model": "myapp.guest", "pk": 14, "fields": {"name": "prakriti", "email": "parkiti23@gmail.com", "phone": "9846122511", "gender": "Female", "dob": "2001-05-16", "nationality": "Nepali", "doc_type": "passport", "doc_number": "21345423536"}}, {"model": "myapp.guest", "pk": 15, "fields": {"name": "prakrit", "email": "prakrit@gmail.com", "phone": "9842123511", "gender": "Male", "dob": "2003-05-16", "nationality": "Nepali", "doc_type": "nid", "doc_number": "213456"}}, {"model": "myapp.guest", "pk": 16, "fields": {"name": "abinash", "email": "abinash@gmail.com", "phone": "9846123211", "gender": "Male", "dob": "2001-05-15", "nationality": "Nepali", "doc_type": "nid", "doc_number": "234546"}}, {"model": "myapp.guest", "pk": 17, "fields": {"name": "Sanjay", "email": "sanjay@gmail.com", "phone": "9846123511", "gender": "Male", "dob": "2003-05-22", "nationality": "Nepali", "doc_type": "passport", "doc_number": "23453212435"}}, {"model": "myapp.guest", "pk": 18, "fields": {"name": "bibas", "email": "bibas@gmail.com", "phone": "9846123211", "gender": "Male", "dob": "2001-05-23", "nationality": "Nepali", "doc_type": "passport", "doc_number": "234256542"}}, {"model": "myapp.guest", "pk": 19, "fields": {"name": "Binu", "email": "binu@gmail.com", "phone": "9846133511", "gender": "Male", "dob": "2000-03-01", "nationality": "Nepali", "doc_type": "nid", "doc_number": "213424543"}}, {"model": "myapp.guest", "pk": 20, "fields": {"name": "lokesh", "email": "lokesh@gmail.com", "phone": "9846123511", "gender": "Male", "dob": "2000-05-22", "nationality": "Nepali", "doc_type": "passport", "doc_number": "21324322"}}, {"model": "myapp.guest", "pk": 21, "fields": {"name": "saakriti", "email": "aakriti@gmail.com", "phone": "9887645623", "gender": "Female", "dob": "2001-05-19", "nationality": "Nepali", "doc_type": "nid", "doc_number": "2139098432"}}, {"model": "myapp.guest", "pk": 22, "fields": {"name": "diwas", "email": "diwas@gmail.com", "phone": "9876456733", "gender": "Male", "dob": "2001-03-02", "nationality": "Nepali", "doc_type": "nid", "doc_number": "213897234"}}, {"model": "myapp.guest", "pk": 23, "fields": {"name": "Bijay", "email": "Bijay@gmail.com", "phone": "9876457209", "gender": "Male", "dob": "2004-05-07", "nationality": "Nepali", "doc_type": "nid", "doc_number": "89723493434"}}, {"model": "myapp.guest", "pk": 24, "fields": {"name": "Sandesh", "email": "sandesh@gmail.com", "phone": "9875679821", "gender": "Male", "dob": "2001-04-23", "nationality": "Nepali", "doc_type": "nid", "doc_number": "232434345"}}, {"model": "myapp.guest", "pk": 25, "fields": {"name": "sijanchhetri", "email": "sijanofficial1@gmail.com", "phone": "9741710013", "gender": "Male", "dob": "2000-05-01", "nationality": "Nepali", "doc_type": "nid", "doc_number": "7834945"}}, {"model": "myapp.guest", "pk": 26, "fields": {"name": "amar", "email": "amar@gmail.com", "phone": "9856709876", "gender": "Male", "dob": "2025-05-07", "nationality": "", "doc_type": "nid", "doc_number": "2389732443"}}, {"model": "myapp.guest", "pk": 27, "fields": {"name": "sarthak", "email": "bhattraisarthak9@gmail.com", "phone": "9999999999", "gender": "Male", "dob": "2026-03-05", "nationality": "nepali", "doc_type": "passport", "doc_number": "21345645"}}, {"model": "myapp.guest", "pk": 28, "fields": {"name": "sijan", "email": "sijanchhetri102@gmail.com", "phone": "9999999999", "gender": "Male", "dob": "2001-10-01", "nationality": "Nepali", "doc_type": "passport", "doc_number": "901234124"}}, {"model": "myapp.guest", "pk": 29, "fields": {"name": "sisjan", "email": "asadas@gmail.com", "phone": "9999999999", "gender": "Male", "dob": "2026-03-16", "nationality": "nepali", "doc_type": "nid", "doc_number": "12345"}}, {"model": "myapp.guest", "pk": 30, "fields": {"name": "kiseer", "email": "kiser@gmail.com", "phone": "9999999999", "gender": "Male", "dob": "2001-01-12", "nationality": "nepali", "doc_type": "license", "doc_number": "wsdf23132423443"}}, {"model": "myapp.guest", "pk": 31, "fields": {"name": "sijan", "email": "guest@gmail.com", "phone": "8888888888", "gender": "Male", "dob": "2001-01-14", "nationality": "nepali", "doc_type": "passport", "doc_number": "2134893242134"}}, {"model": "myapp.guest", "pk": 32, "fields": {"name": "krishna", "email": "krishnarb08@gmail.com", "phone": "9812345678", "gender": "Male", "dob": "2004-01-22", "nationality": "nepali", "doc_type": "nid", "doc_number": "213456432134"}}, {"model": "myapp.booking", "pk": 4, "fields": {"guest": 1, "room": 2, "check_in_date": "2025-05-24", "check_out_date": "2025-05-26", "status": "checked-out"}}, {"model": "myapp.booking", "pk": 5, "fields": {"guest": 4, "room": 3, "check_in_date": "2025-05-24", "check_out_date": "2025-05-25", "status": "checked-out"}}, {"model": "myapp.booking", "pk": 7, "fields": {"guest": 6, "room": 5, "check_in_date": "2025-05-24", "check_out_date": "2025-05-25", "status": "checked-out"}}, {"model": "myapp.booking", "pk": 8, "fields": {"guest": 7, "room": 3, "check_in_date": "2025-05-25", "check_out_date": "2025-05-26", "status": "canceled"}}, {"model": "myapp.booking", "pk": 9, "fields": {"guest": 8, "room": 6, "check_in_date": "2025-05-24", "check_out_date": "2025-05-25", "status": "checked-out"}}, {"model": "myapp.booking", "pk": 10, "fields": {"guest": 9, "room": 7, "check_in_date": "2025-05-24", "check_out_date": "2025-05-25", "status": "checked-out"}}, {"model": "myapp.booking", "pk": 11, "fields": {"guest": 10, "room": 8, "check_in_date": "2025-05-24", "check_out_date": "2025-05-26", "status": "checked-out"}}, {"model": "myapp.booking", "pk": 12, "fields": {"guest": 11, "room": 2, "check_in_date": "2025-05-28", "check_out_date": "2025-05-28", "status": "canceled"}}, {"model": "myapp.booking", "pk": 13, "fields": {"guest": 10, "room": 3, "check_in_date": "2025-05-27", "check_out_date": "2025-05-29", "status": "booked"}}, {"model": "myapp.booking", "pk": 14, "fields": {"guest": 12, "room": 9, "check_in_date": "2025-05-24", "check_out_date": "2025-05-26", "status": "booked"}}, {"model": "myapp.booking", "pk": 15, "fields": {"guest": 13, "room": 10, "check_in_date": "2025-05-24", "check_out_date": "2025-05-25", "status": "checked-out"}}, {"model": "myapp.booking", "pk": 16, "fields": {"guest": 14, "room": 11, "check_in_date": "2025-05-24", "check_out_date": "2025-05-25", "status": "checked-out"}}, {"model": "myapp.booking", "pk": 17, "fields": {"guest": 15, "room": 12, "check_in_date": "2025-05-24", "check_out_date": "2025-05-26", "status": "checked-out"}}, {"model": "myapp.booking", "pk": 18, "fields": {"guest": 16, "room": 2, "check_in_date": "2025-05-24", "check_out_date": "2025-05-25", "status": "checked-out"}}, {"model": "myapp.booking", "pk": 19, "fields": {"guest": 17, "room": 3, "check_in_date": "2025-05-24", "check_out_date": "2025-05-25", "status": "checked-out"}}, {"model": "myapp.booking", "pk": 22, "fields": {"guest": 19, "room": 5, "check_in_date": "2025-05-25", "check_out_date": "2025-05-27", "status": "canceled"}}, {"model": "myapp.booking", "pk": 23, "fields": {"guest": 20, "room": 21, "check_in_date": "2025-05-24", "check_out_date": "2025-05-25", "status": "canceled"}}, {"model": "myapp.booking", "pk": 24, "fields": {"guest": 21, "room": 6, "check_in_date": "2025-05-25", "check_out_date": "2025-05-27", "status": "booked"}}, {"model": "myapp.booking", "pk": 25, "fields": {"guest": 22, "room": 7, "check_in_date": "2025-05-25", "check_out_date": "2025-05-27", "status": "booked"}}, {"model": "myapp.booking", "pk": 26, "fields": {"guest": 23, "room": 2, "check_in_date": "2025-05-29", "check_out_date": "2025-05-30", "status": "canceled"}}, {"model": "myapp.booking", "pk": 27, "fields": {"guest": 24, "room": 2, "check_in_date": "2025-05-28", "check_out_date": "2025-05-29", "status": "canceled"}}, {"model": "myapp.booking", "pk": 28, "fields": {"guest": 25, "room": 8, "check_in_date": "2025-05-25", "check_out_date": "2025-05-27", "status": "canceled"}}, {"model": "myapp.booking", "pk": 29, "fields": {"guest": 26, "room": 2, "check_in_date": "2025-05-25", "check_out_date": "2025-05-26", "status": "checked-out"}}, {"model": "myapp.booking", "pk": 30, "fields": {"guest": 27, "room": 2, "check_in_date": "2026-03-05", "check_out_date": "2026-03-07", "status": "canceled"}}, {"model": "myapp.booking", "pk": 31, "fields": {"guest": 27, "room": 3, "check_in_date": "2026-03-05", "check_out_date": "2026-03-07", "status": "booked"}}, {"model": "myapp.booking", "pk": 32, "fields": {"guest": 28, "room": 2, "check_in_date": "2026-03-12", "check_out_date": "2026-03-14", "status": "booked"}}, {"model": "myapp.booking", "pk": 33, "fields": {"guest": 29, "room": 2, "check_in_date": "2026-03-25", "check_out_date": "2026-03-27", "status": "canceled"}}, {"model": "myapp.booking", "pk": 34, "fields": {"guest": 25, "room": 3, "check_in_date": "2026-03-25", "check_out_date": "2026-03-28", "status": "canceled"}}, {"model": "myapp.booking", "pk": 35, "fields": {"guest": 30, "room": 5, "check_in_date": "2026-03-25", "check_out_date": "2026-03-31", "status": "checked-out"}}, {"model": "myapp.booking", "pk": 36, "fields": {"guest": 28, "room": 2, "check_in_date": "2026-03-28", "check_out_date": "2026-04-01", "status": "booked"}}, {"model": "myapp.booking", "pk": 37, "fields": {"guest": 25, "room": 3, "check_in_date": "2026-03-28", "check_out_date": "2026-03-31", "status": "booked"}}, {"model": "myapp.booking", "pk": 38, "fields": {"guest": 25, "room": 5, "check_in_date": "2026-03-28", "check_out_date": "2026-03-31", "status": "booked"}}, {"model": "myapp.booking", "pk": 39, "fields": {"guest": 25, "room": 6, "check_in_date": "2026-03-28", "check_out_date": "2026-03-31", "status": "checked-out"}}, {"model": "myapp.booking", "pk": 40, "fields": {"guest": 28, "room": 7, "check_in_date": "2026-03-28", "check_out_date": "2026-03-31", "status": "checked-out"}}, {"model": "myapp.booking", "pk": 41, "fields": {"guest": 28, "room": 8, "check_in_date": "2026-03-28", "check_out_date": "2026-03-31", "status": "checked-out"}}, {"model": "myapp.booking", "pk": 42, "fields": {"guest": 28, "room": 9, "check_in_date": "2026-03-28", "check_out_date": "2026-03-31", "status": "checked-out"}}, {"model": "myapp.booking", "pk": 43, "fields": {"guest": 28, "room": 2, "check_in_date": "2026-05-01", "check_out_date": "2026-05-04", "status": "booked"}}, {"model": "myapp.booking", "pk": 44, "fields": {"guest": 28, "room": 2, "check_in_date": "2026-05-02", "check_out_date": "2026-05-05", "status": "booked"}}, {"model": "myapp.booking", "pk": 45, "fields": {"guest": 31, "room": 2, "check_in_date": "2026-05-05", "check_out_date": "2026-05-07", "status": "booked"}}, {"model": "myapp.booking", "pk": 46, "fields": {"guest": 32, "room": 6, "check_in_date": "2026-03-29", "check_out_date": "2026-03-31", "status": "booked"}}, {"model": "myapp.booking", "pk": 47, "fields": {"guest": 32, "room": 7, "check_in_date": "2026-03-29", "check_out_date": "2026-03-31", "status": "booked"}}, {"model": "myapp.housekeeping", "pk": 1, "fields": {"booking": 22, "status": "need-cleaning", "priority": "high"}}, {"model": "myapp.housekeeping", "pk": 2, "fields": {"booking": 7, "status": "in-progress", "priority": "high"}}, {"model": "myapp.payment", "pk": 4, "fields": {"booking": 4, "payment_type": "cash", "payment_status": "Completed", "timestamp": "2025-05-24T16:18:43.015Z"}}, {"model": "myapp.payment", "pk": 5, "fields": {"booking": 5, "payment_type": "cash", "payment_status": "Completed", "timestamp": "2025-05-24T16:18:52.940Z"}}, {"model": "myapp.payment", "pk": 6, "fields": {"booking": 11, "payment_type": "cash", "payment_status": "Completed", "timestamp": "2025-05-24T16:19:03.639Z"}}, {"model": "myapp.payment", "pk": 8, "fields": {"booking": 10, "payment_type": "cash", "payment_status": "Completed", "timestamp": "2025-05-24T16:19:28.456Z"}}, {"model": "myapp.payment", "pk": 9, "fields": {"booking": 7, "payment_type": "online", "payment_status": "Completed", "timestamp": "2025-05-24T16:19:54.028Z"}}, {"model": "myapp.payment", "pk": 10, "fields": {"booking": 17, "payment_type": "cash", "payment_status": "Completed", "timestamp": "2025-05-24T16:21:17.635Z"}}, {"model": "myapp.payment", "pk": 11, "fields": {"booking": 16, "payment_type": "cash", "payment_status": "Completed", "timestamp": "2025-05-24T16:21:40.602Z"}}, {"model": "myapp.payment", "pk": 12, "fields": {"booking": 9, "payment_type": "cash", "payment_status": "Completed", "timestamp": "2025-05-25T00:56:25.484Z"}}, {"model": "myapp.payment", "pk": 13, "fields": {"booking": 15, "payment_type": "cash", "payment_status": "Completed", "timestamp": "2025-05-25T00:56:33.779Z"}}, {"model": "myapp.payment", "pk": 14, "fields": {"booking": 18, "payment_type": "cash", "payment_status": "Completed", "timestamp": "2025-05-25T00:56:40.487Z"}}, {"model": "myapp.payment", "pk": 16, "fields": {"booking": 19, "payment_type": "cash", "payment_status": "Completed", "timestamp": "2025-05-25T00:56:54.138Z"}}, {"model": "myapp.payment", "pk": 17, "fields": {"booking": 29, "payment_type": "online", "payment_status": "Completed", "timestamp": "2025-05-25T02:12:47.439Z"}}, {"model": "myapp.payment", "pk": 18, "fields": {"booking": 35, "payment_type": "cash", "payment_status": "Completed", "timestamp": "2026-03-28T12:32:34.701Z"}}, {"model": "myapp.payment", "pk": 19, "fields": {"booking": 39, "payment_type": "cash", "payment_status": "Completed", "timestamp": "2026-03-28T12:43:00.247Z"}}, {"model": "myapp.payment", "pk": 20, "fields": {"booking": 40, "payment_type": "cash", "payment_status": "Completed", "timestamp": "2026-03-28T12:54:46.350Z"}}, {"model": "myapp.payment", "pk": 21, "fields": {"booking": 41, "payment_type": "cash", "payment_status": "Completed", "timestamp": "2026-03-31T03:02:40.695Z"}}, {"model": "myapp.payment", "pk": 22, "fields": {"booking": 42, "payment_type": "online", "payment_status": "Completed", "timestamp": "2026-04-04T09:48:13.958Z"}}, {"model": "myapp.invoice", "pk": 6, "fields": {"booking": 4, "payment": 4, "room": 2, "check_in_date": "2025-05-24", "check_out_date": "2025-05-26", "payment_type": "cash", "room_type": "double", "total_amount": "3040.00", "generated_on": "2025-05-24T16:18:43.033Z", "invoice_pdf": "invoices/invoice_4_D87f3zW.pdf"}}, {"model": "myapp.invoice", "pk": 7, "fields": {"booking": 5, "payment": 5, "room": 3, "check_in_date": "2025-05-24", "check_out_date": "2025-05-25", "payment_type": "cash", "room_type": "single", "total_amount": "2000.00", "generated_on": "2025-05-24T16:18:52.959Z", "invoice_pdf": "invoices/invoice_5_FjSFlyA.pdf"}}, {"model": "myapp.invoice", "pk": 8, "fields": {"booking": 11, "payment": 6, "room": 8, "check_in_date": "2025-05-24", "check_out_date": "2025-05-26", "payment_type": "cash", "room_type": "family", "total_amount": "9480.00", "generated_on": "2025-05-24T16:19:03.659Z", "invoice_pdf": "invoices/invoice_11.pdf"}}, {"model": "myapp.invoice", "pk": 10, "fields": {"booking": 10, "payment": 8, "room": 7, "check_in_date": "2025-05-24", "check_out_date": "2025-05-25", "payment_type": "cash", "room_type": "suite", "total_amount": "8640.00", "generated_on": "2025-05-24T16:19:28.478Z", "invoice_pdf": "invoices/invoice_10.pdf"}}, {"model": "myapp.invoice", "pk": 11, "fields": {"booking": 7, "payment": 9, "room": 5, "check_in_date": "2025-05-24", "check_out_date": "2025-05-25", "payment_type": "online", "room_type": "single", "total_amount": "2200.00", "generated_on": "2025-05-24T16:19:54.042Z", "invoice_pdf": "invoices/invoice_7_g0RD2C6.pdf"}}, {"model": "myapp.invoice", "pk": 12, "fields": {"booking": 7, "payment": 9, "room": 5, "check_in_date": "2025-05-24", "check_out_date": "2025-05-25", "payment_type": "online", "room_type": "single", "total_amount": "2200.00", "generated_on": "2025-05-24T16:19:54.042Z", "invoice_pdf": "invoices/invoice_7_qLdp9bN.pdf"}}, {"model": "myapp.invoice", "pk": 13, "fields": {"booking": 17, "payment": 10, "room": 12, "check_in_date": "2025-05-24", "check_out_date": "2025-05-26", "payment_type": "cash", "room_type": "single", "total_amount": "4400.00", "generated_on": "2025-05-24T16:21:17.658Z", "invoice_pdf": "invoices/invoice_17_c3TCANg.pdf"}}, {"model": "myapp.invoice", "pk": 14, "fields": {"booking": 16, "payment": 11, "room": 11, "check_in_date": "2025-05-24", "check_out_date": "2025-05-25", "payment_type": "cash", "room_type": "single", "total_amount": "1200.00", "generated_on": "2025-05-24T16:21:40.622Z", "invoice_pdf": "invoices/invoice_16_R3pc313.pdf"}}, {"model": "myapp.invoice", "pk": 15, "fields": {"booking": 9, "payment": 12, "room": 6, "check_in_date": "2025-05-24", "check_out_date": "2025-05-25", "payment_type": "cash", "room_type": "double", "total_amount": "2400.00", "generated_on": "2025-05-25T00:56:25.505Z", "invoice_pdf": "invoices/invoice_9_c8MzM7J.pdf"}}, {"model": "myapp.invoice", "pk": 16, "fields": {"booking": 15, "payment": 13, "room": 10, "check_in_date": "2025-05-24", "check_out_date": "2025-05-25", "payment_type": "cash", "room_type": "double", "total_amount": "2600.00", "generated_on": "2025-05-25T00:56:33.800Z", "invoice_pdf": "invoices/invoice_15_NHckspa.pdf"}}, {"model": "myapp.invoice", "pk": 17, "fields": {"booking": 18, "payment": 14, "room": 2, "check_in_date": "2025-05-24", "check_out_date": "2025-05-25", "payment_type": "cash", "room_type": "double", "total_amount": "1200.00", "generated_on": "2025-05-25T00:56:40.504Z", "invoice_pdf": "invoices/invoice_18_mRnrLU3.pdf"}}, {"model": "myapp.invoice", "pk": 19, "fields": {"booking": 19, "payment": 16, "room": 3, "check_in_date": "2025-05-24", "check_out_date": "2025-05-25", "payment_type": "cash", "room_type": "single", "total_amount": "1200.00", "generated_on": "2025-05-25T00:56:54.157Z", "invoice_pdf": "invoices/invoice_19.pdf"}}, {"model": "myapp.invoice", "pk": 20, "fields": {"booking": 29, "payment": 17, "room": 2, "check_in_date": "2025-05-25", "check_out_date": "2025-05-26", "payment_type": "online", "room_type": "double", "total_amount": "1720.00", "generated_on": "2025-05-25T02:12:47.452Z", "invoice_pdf": "invoices/invoice_29_bmPhVTy.pdf"}}, {"model": "myapp.invoice", "pk": 21, "fields": {"booking": 35, "payment": 18, "room": 5, "check_in_date": "2026-03-25", "check_out_date": "2026-03-31", "payment_type": "cash", "room_type": "single", "total_amount": "13200.00", "generated_on": "2026-03-28T12:32:34.726Z", "invoice_pdf": "invoices/invoice_35.pdf"}}, {"model": "myapp.invoice", "pk": 22, "fields": {"booking": 39, "payment": 19, "room": 6, "check_in_date": "2026-03-28", "check_out_date": "2026-03-31", "payment_type": "cash", "room_type": "double", "total_amount": "7200.00", "generated_on": "2026-03-28T12:43:00.298Z", "invoice_pdf": "invoices/invoice_39_dth5itp.pdf"}}, {"model": "myapp.invoice", "pk": 23, "fields": {"booking": 40, "payment": 20, "room": 7, "check_in_date": "2026-03-28", "check_out_date": "2026-03-31", "payment_type": "cash", "room_type": "suite", "total_amount": "25200.00", "generated_on": "2026-03-28T12:54:46.460Z", "invoice_pdf": "invoices/invoice_40_cuv9Gbm.pdf"}}, {"model": "myapp.invoice", "pk": 24, "fields": {"booking": 41, "payment": 21, "room": 8, "check_in_date": "2026-03-28", "check_out_date": "2026-03-31", "payment_type": "cash", "room_type": "family", "total_amount": "13200.00", "generated_on": "2026-03-31T03:02:40.728Z", "invoice_pdf": "invoices/invoice_41_F92GEs7.pdf"}}, {"model": "myapp.invoice", "pk": 25, "fields": {"booking": 42, "payment": 22, "room": 9, "check_in_date": "2026-03-28", "check_out_date": "2026-03-31", "payment_type": "online", "room_type": "suite", "total_amount": "12000.00", "generated_on": "2026-04-04T09:48:13.980Z", "invoice_pdf": "invoices/invoice_42_OJ3ySfv.pdf"}}, {"model": "myapp.inventoryitem", "pk": 2, "fields": {"user": ["sijanofficial1@gmail.com"], "name": "Frying Pan", "category": "Cookware", "quantity": 20, "price": "2000.00", "description": "Nonstick Pan", "vendor": "SteelPro", "date_added": "2025-05-24T00:00:00Z"}}, {"model": "myapp.inventoryitem", "pk": 3, "fields": {"user": ["sijanofficial1@gmail.com"], "name": "Cutting Board", "category": "Utensils", "quantity": 3, "price": "600.00", "description": "Plastic Board", "vendor": "KitchenBase", "date_added": "2025-05-24T00:00:00Z"}}, {"model": "myapp.inventoryitem", "pk": 4, "fields": {"user": ["sijanofficial1@gmail.com"], "name": "Chef Knife", "category": "Cutlery", "quantity": 12, "price": "1200.00", "description": "Steel Knife", "vendor": "SharpEdge Tools", "date_added": "2025-05-24T00:00:00Z"}}, {"model": "myapp.inventoryitem", "pk": 5, "fields": {"user": ["sijanofficial1@gmail.com"], "name": "Spoon", "category": "UtensilWorks", "quantity": 18, "price": "300.00", "description": "Metal Spoon", "vendor": "UtensilWorks", "date_added": "2025-05-24T00:00:00Z"}}, {"model": "myapp.inventoryitem", "pk": 6, "fields": {"user": ["sijanofficial1@gmail.com"], "name": "Water Jug", "category": "Serveware", "quantity": 15, "price": "500.00", "description": "Jug", "vendor": "AquaSuppliers", "date_added": "2025-05-24T00:00:00Z"}}, {"model": "myapp.inventoryitem", "pk": 7, "fields": {"user": ["sijanofficial1@gmail.com"], "name": "Sauce Pan", "category": "Cookware", "quantity": 10, "price": "1200.00", "description": "Small pan", "vendor": "Steel pro", "date_added": "2025-05-24T00:00:00Z"}}, {"model": "myapp.inventoryitem", "pk": 8, "fields": {"user": ["sijanofficial1@gmail.com"], "name": "Oven Mits", "category": "safety", "quantity": 12, "price": "250.00", "description": "Heat gloves", "vendor": "HeadChef", "date_added": "2025-05-24T00:00:00Z"}}, {"model": "myapp.inventoryitem", "pk": 9, "fields": {"user": ["sijanofficial1@gmail.com"], "name": "Blender", "category": "Appliances", "quantity": 120, "price": "1200.00", "description": "Food Mixer", "vendor": "HomeTech", "date_added": "2025-05-24T00:00:00Z"}}, {"model": "myapp.inventoryrequest", "pk": 1, "fields": {"inventory_item": 3, "user": ["sijanofficial1@gmail.com"], "quantity": 12, "status": "accepted", "created_at": "2026-03-25T07:00:15.485Z"}}, {"model": "myapp.item", "pk": 1, "fields": {"hotel": ["sijandragneel111@gmail.com"], "name": "lemonade", "description": "Cold and fresh lemonade", "price": "240.00", "available": true, "item_type": "Beverage", "category": "Cold Drinks", "food_type": "Cold Drinks", "image": "item_images/7dc52a2e06d9c703cce83627dd8c9cc7_uqDtAbv.jpg"}}, {"model": "myapp.item", "pk": 2, "fields": {"hotel": ["sijandragneel111@gmail.com"], "name": "Beer", "description": "cold beer", "price": "240.00", "available": true, "item_type": "Beverage", "category": "Hard drinks", "food_type": "Beer", "image": "item_images/78e522479622e12a15bc181630689d00_OJXZoxJ.jpg"}}, {"model": "myapp.item", "pk": 3, "fields": {"hotel": ["sijandragneel111@gmail.com"], "name": "Himalayn Beer", "description": "Chilled beer", "price": "320.00", "available": true, "item_type": "Beverage", "category": "Drinks", "food_type": "Beer", "image": "item_images/78e522479622e12a15bc181630689d00_mgDtdjK.jpg"}}, {"model": "myapp.item", "pk": 4, "fields": {"hotel": ["sijandragneel111@gmail.com"], "name": "Lemon Orange Lemonade", "description": "Cool orange with lemon lemonade", "price": "340.00", "available": true, "item_type": "Beverage", "category": "260", "food_type": "Lemonade", "image": "item_images/7dc52a2e06d9c703cce83627dd8c9cc7_HCFLYCF.jpg"}}, {"model": "myapp.item", "pk": 5, "fields": {"hotel": ["sijandragneel111@gmail.com"], "name": "Chocolate milk shake", "description": "Chocolate flavor milk shake", "price": "440.00", "available": true, "item_type": "Beverage", "category": "Drinks", "food_type": "Milk shake", "image": "item_images/d9305edce30213c10c944c6fb386d40b.jpg"}}, {"model": "myapp.item", "pk": 6, "fields": {"hotel": ["sijandragneel111@gmail.com"], "name": "Chicken momo", "description": "Delicious chicken momo", "price": "140.00", "available": true, "item_type": "Food", "category": "Lunch", "food_type": "Chicken", "image": "item_images/e835ed89023c2a6d2d1933321d59efc4.jpg"}}, {"model": "myapp.item", "pk": 7, "fields": {"hotel": ["sijandragneel111@gmail.com"], "name": "Chicken chowmein", "description": "Feel spice and save the great taste", "price": "120.00", "available": true, "item_type": "Food", "category": "Lunch", "food_type": "Chicken", "image": "item_images/b5f61cafee9f2bad1302949adb7af66f_h3cRLle.jpg"}}, {"model": "myapp.item", "pk": 8, "fields": {"hotel": ["sijandragneel111@gmail.com"], "name": "Chicken thali set", "description": "Explore the traditional flavor of Nepali chicken thali set", "price": "490.00", "available": true, "item_type": "Food", "category": "Dinner", "food_type": "Chicken", "image": "item_images/88e7ea3b89328685ea8f88edb60675f9_Vsj04Xn.jpg"}}, {"model": "myapp.item", "pk": 9, "fields": {"hotel": ["sijandragneel111@gmail.com"], "name": "Whole chicken grill", "description": "Full of flavors whole grill chicken", "price": "1000.00", "available": true, "item_type": "Food", "category": "Dinner", "food_type": "Chicken", "image": "item_images/87ae7bf28e8f44f94573c2cbff6b7dca_unfjrM6.jpg"}}, {"model": "myapp.item", "pk": 10, "fields": {"hotel": ["sijandragneel111@gmail.com"], "name": "Panner momo", "description": "have taste of panner mono super good", "price": "130.00", "available": true, "item_type": "Food", "category": "Lunch", "food_type": "Veg", "image": "item_images/e835ed89023c2a6d2d1933321d59efc4_fGdhGgx.jpg"}}, {"model": "myapp.item", "pk": 11, "fields": {"hotel": ["sijanofficial1@gmail.com"], "name": "sksedfsd", "description": "sdfsdf", "price": "1200.00", "available": true, "item_type": "Food", "category": "dead", "food_type": "Chicken", "image": "item_images/tablet.jpg"}}, {"model": "myapp.orderitem", "pk": 1, "fields": {"booking": 5, "item": 1, "quantity": 2, "ordered_at": "2025-05-24T16:17:25.587Z", "status": "delivered"}}, {"model": "myapp.orderitem", "pk": 2, "fields": {"booking": 5, "item": 3, "quantity": 1, "ordered_at": "2025-05-24T16:17:25.590Z", "status": "delivered"}}, {"model": "myapp.orderitem", "pk": 3, "fields": {"booking": 4, "item": 3, "quantity": 2, "ordered_at": "2025-05-24T16:17:43.383Z", "status": "delivered"}}, {"model": "myapp.orderitem", "pk": 4, "fields": {"booking": 7, "item": 6, "quantity": 3, "ordered_at": "2025-05-24T16:17:57.838Z", "status": "delivered"}}, {"model": "myapp.orderitem", "pk": 5, "fields": {"booking": 7, "item": 1, "quantity": 1, "ordered_at": "2025-05-24T16:17:57.841Z", "status": "delivered"}}, {"model": "myapp.orderitem", "pk": 6, "fields": {"booking": 7, "item": 4, "quantity": 1, "ordered_at": "2025-05-24T16:18:11.777Z", "status": "canceled"}}, {"model": "myapp.orderitem", "pk": 7, "fields": {"booking": 10, "item": 1, "quantity": 1, "ordered_at": "2025-05-24T16:18:19.308Z", "status": "delivered"}}, {"model": "myapp.orderitem", "pk": 8, "fields": {"booking": 11, "item": 7, "quantity": 4, "ordered_at": "2025-05-24T16:18:34.357Z", "status": "delivered"}}, {"model": "myapp.orderitem", "pk": 9, "fields": {"booking": 11, "item": 9, "quantity": 1, "ordered_at": "2025-05-24T16:18:34.360Z", "status": "delivered"}}, {"model": "myapp.orderitem", "pk": 10, "fields": {"booking": 29, "item": 7, "quantity": 2, "ordered_at": "2025-05-25T02:08:25.323Z", "status": "delivered"}}, {"model": "myapp.orderitem", "pk": 11, "fields": {"booking": 29, "item": 6, "quantity": 2, "ordered_at": "2025-05-25T02:10:35.280Z", "status": "delivered"}}, {"model": "myapp.orderitem", "pk": 12, "fields": {"booking": 35, "item": 11, "quantity": 5, "ordered_at": "2026-03-28T12:27:48.667Z", "status": "delivered"}}, {"model": "myapp.orderitem", "pk": 13, "fields": {"booking": 41, "item": 11, "quantity": 1, "ordered_at": "2026-03-29T06:31:18.534Z", "status": "delivered"}}, {"model": "myapp.paymentgatewayconfig", "pk": 1, "fields": {"hotel": ["sijanofficial1@gmail.com"], "gateway_type": "khalti", "is_enabled": false, "mode": "test", "merchant_id": "", "public_key": "gAAAAABp0NzksZdjEjAxCy-wHgO1nhn4lH1MjBu84ACwpT3IzsvlA-RAc9boyfEDGAGsfsviIGs_sKhq1_--UV8p2BE63IlM96dz4keqrG7swHd0lUZGSentxMrRDuyuL3o6KhEbA9Pq", "secret_key": "gAAAAABp0NzkIs-OciRP39YNfkAgqfaEWv17W9-8k9joEpMj0KFnvNXqJjH4OPox_7AhUnlzGlE1-c319NrwEmKZzPDCx5aHs_W3M_XeQxMYjRxmEFw3_BYyl5T3rCQzQKZhGI3WptuA", "last_webhook_at": null, "created_at": "2026-04-04T09:02:01.704Z", "updated_at": "2026-04-04T09:41:56.076Z"}}, {"model": "myapp.credentialauditlog", "pk": 1, "fields": {"hotel": ["sijanofficial1@gmail.com"], "model_name": "PaymentGatewayConfig", "record_id": 1, "action": "create", "timestamp": "2026-04-04T09:02:01.730Z"}}, {"model": "myapp.credentialauditlog", "pk": 2, "fields": {"hotel": ["sijanofficial1@gmail.com"], "model_name": "PaymentGatewayConfig", "record_id": 1, "action": "update", "timestamp": "2026-04-04T09:41:56.081Z"}}]
